target,domain,length,code,model,gdt_ts
T0759,D1,34,8,1,94.853
T0759,D1,34,8,2,94.853
T0759,D1,34,8,3,94.853
T0759,D1,34,8,4,94.853
T0759,D1,34,8,5,94.853
T0759,D1,34,11,1,98.529
T0759,D1,34,11,2,98.529
T0759,D1,34,11,3,98.529
T0759,D1,34,11,4,99.265
T0759,D1,34,11,5,99.265
T0759,D1,34,22,1,96.324
T0759,D1,34,22,2,93.382
T0759,D1,34,22,3,91.176
T0759,D1,34,22,4,97.794
T0759,D1,34,22,5,96.324
T0759,D1,34,38,1,97.059
T0759,D1,34,38,2,97.059
T0759,D1,34,38,3,96.324
T0759,D1,34,38,4,78.676
T0759,D1,34,38,5,82.353
T0759,D1,34,41,1,93.382
T0759,D1,34,41,2,97.794
T0759,D1,34,41,3,95.588
T0759,D1,34,41,4,90.441
T0759,D1,34,41,5,96.324
T0759,D1,34,50,1,90.441
T0759,D1,34,73,1,96.324
T0759,D1,34,73,2,95.588
T0759,D1,34,73,3,83.088
T0759,D1,34,73,4,85.294
T0759,D1,34,110,1,97.794
T0759,D1,34,110,2,98.529
T0759,D1,34,110,3,96.324
T0759,D1,34,110,4,95.588
T0759,D1,34,110,5,94.118
T0759,D1,34,117,1,89.706
T0759,D1,34,117,2,49.265
T0759,D1,34,117,3,94.853
T0759,D1,34,117,4,88.971
T0759,D1,34,117,5,34.559
T0759,D1,34,133,1,94.118
T0759,D1,34,133,2,94.118
T0759,D1,34,133,3,94.118
T0759,D1,34,133,4,94.118
T0759,D1,34,133,5,93.382
T0759,D1,34,145,1,94.118
T0759,D1,34,156,1,40.441
T0759,D1,34,156,2,88.235
T0759,D1,34,156,3,51.471
T0759,D1,34,156,4,97.059
T0759,D1,34,156,5,98.529
T0759,D1,34,160,1,95.588
T0759,D1,34,171,1,91.912
T0759,D1,34,171,2,95.588
T0759,D1,34,171,3,94.118
T0759,D1,34,171,4,96.324
T0759,D1,34,171,5,96.324
T0759,D1,34,184,1,88.971
T0759,D1,34,184,2,91.912
T0759,D1,34,184,3,97.794
T0759,D1,34,184,4,88.235
T0759,D1,34,184,5,88.235
T0759,D1,34,193,1,93.382
T0759,D1,34,193,2,94.853
T0759,D1,34,206,1,36.029
T0759,D1,34,210,1,91.912
T0759,D1,34,212,1,93.382
T0759,D1,34,216,1,94.118
T0759,D1,34,216,2,88.235
T0759,D1,34,216,3,94.853
T0759,D1,34,216,4,74.265
T0759,D1,34,216,5,66.912
T0759,D1,34,228,1,50
T0759,D1,34,228,2,52.941
T0759,D1,34,228,3,48.529
T0759,D1,34,228,4,53.676
T0759,D1,34,228,5,37.5
T0759,D1,34,237,1,94.118
T0759,D1,34,237,2,95.588
T0759,D1,34,237,3,95.588
T0759,D1,34,237,4,90.441
T0759,D1,34,237,5,91.912
T0759,D1,34,251,1,94.853
T0759,D1,34,251,2,95.588
T0759,D1,34,251,3,94.853
T0759,D1,34,251,4,96.324
T0759,D1,34,251,5,90.441
T0759,D1,34,263,1,96.324
T0759,D1,34,263,2,88.235
T0759,D1,34,263,3,95.588
T0759,D1,34,263,4,91.176
T0759,D1,34,263,5,96.324
T0759,D1,34,268,1,93.382
T0759,D1,34,268,2,94.853
T0759,D1,34,268,3,94.853
T0759,D1,34,268,4,94.118
T0759,D1,34,268,5,93.382
T0759,D1,34,277,1,99.265
T0759,D1,34,277,2,98.529
T0759,D1,34,277,3,92.647
T0759,D1,34,277,4,92.647
T0759,D1,34,277,5,90.441
T0759,D1,34,279,1,98.529
T0759,D1,34,300,1,92.647
T0759,D1,34,300,2,94.853
T0759,D1,34,300,3,90.441
T0759,D1,34,300,4,94.118
T0759,D1,34,300,5,92.647
T0759,D1,34,335,1,96.324
T0759,D1,34,335,2,98.529
T0759,D1,34,335,3,98.529
T0759,D1,34,335,4,97.794
T0759,D1,34,335,5,97.059
T0759,D1,34,345,1,74.265
T0759,D1,34,345,2,52.941
T0759,D1,34,345,3,50.735
T0759,D1,34,345,4,45.588
T0759,D1,34,345,5,50.735
T0759,D1,34,346,1,91.912
T0759,D1,34,349,1,94.118
T0759,D1,34,349,2,92.647
T0759,D1,34,349,3,94.853
T0759,D1,34,349,4,94.853
T0759,D1,34,349,5,93.382
T0759,D1,34,381,1,97.059
T0759,D1,34,381,2,97.059
T0759,D1,34,381,3,96.324
T0759,D1,34,381,4,97.794
T0759,D1,34,381,5,96.324
T0759,D1,34,410,1,94.853
T0759,D1,34,410,2,95.588
T0759,D1,34,410,3,95.588
T0759,D1,34,410,4,93.382
T0759,D1,34,410,5,94.853
T0759,D1,34,414,1,96.324
T0759,D1,34,414,2,99.265
T0759,D1,34,414,3,97.059
T0759,D1,34,414,4,96.324
T0759,D1,34,414,5,96.324
T0759,D1,34,420,1,95.588
T0759,D1,34,420,2,97.059
T0759,D1,34,420,3,97.059
T0759,D1,34,420,4,94.853
T0759,D1,34,420,5,95.588
T0759,D1,34,436,1,95.588
T0759,D1,34,436,2,92.647
T0759,D1,34,436,3,96.324
T0759,D1,34,436,4,86.029
T0759,D1,34,436,5,83.088
T0759,D1,34,448,1,95.588
T0759,D1,34,448,2,94.853
T0759,D1,34,448,3,95.588
T0759,D1,34,448,4,95.588
T0759,D1,34,448,5,95.588
T0759,D1,34,452,1,95.588
T0759,D1,34,452,2,99.265
T0759,D1,34,452,3,94.853
T0759,D1,34,452,4,97.059
T0759,D1,34,452,5,96.324
T0759,D1,34,454,1,56.618
T0759,D1,34,454,2,69.853
T0759,D1,34,454,3,68.382
T0759,D1,34,454,4,77.941
T0759,D1,34,454,5,80.882
T0759,D1,34,479,1,98.529
T0759,D1,34,479,2,97.794
T0759,D1,34,479,3,96.324
T0759,D1,34,479,4,97.794
T0759,D1,34,479,5,98.529
T0759,D1,34,492,1,77.206
T0759,D1,34,492,2,75.735
T0759,D1,34,492,3,76.471
T0759,D1,34,492,4,75.735
T0759,D1,34,492,5,79.412
T0759,D1,34,499,1,99.265
T0759,D1,34,499,2,91.176
T0759,D1,34,499,3,98.529
T0759,D1,34,499,4,91.912
T0759,D1,34,499,5,92.647
T0759,D2,62,8,1,38.71
T0759,D2,62,8,2,38.71
T0759,D2,62,8,3,37.903
T0759,D2,62,8,4,37.5
T0759,D2,62,8,5,37.5
T0759,D2,62,11,1,43.952
T0759,D2,62,11,2,40.726
T0759,D2,62,11,3,40.726
T0759,D2,62,11,4,40.726
T0759,D2,62,11,5,40.726
T0759,D2,62,22,1,38.71
T0759,D2,62,22,2,38.71
T0759,D2,62,22,3,40.726
T0759,D2,62,22,4,39.919
T0759,D2,62,22,5,34.274
T0759,D2,62,38,1,43.145
T0759,D2,62,38,2,39.113
T0759,D2,62,38,3,40.323
T0759,D2,62,38,4,64.516
T0759,D2,62,38,5,55.242
T0759,D2,62,41,1,39.113
T0759,D2,62,41,2,40.323
T0759,D2,62,41,3,37.903
T0759,D2,62,41,4,38.306
T0759,D2,62,41,5,40.726
T0759,D2,62,50,1,37.903
T0759,D2,62,73,1,39.516
T0759,D2,62,73,2,45.161
T0759,D2,62,73,3,34.677
T0759,D2,62,73,4,33.871
T0759,D2,62,110,1,40.726
T0759,D2,62,110,2,42.742
T0759,D2,62,110,3,39.919
T0759,D2,62,110,4,42.339
T0759,D2,62,110,5,38.306
T0759,D2,62,117,1,37.5
T0759,D2,62,117,2,26.21
T0759,D2,62,117,3,38.71
T0759,D2,62,117,4,37.5
T0759,D2,62,117,5,26.613
T0759,D2,62,133,1,41.935
T0759,D2,62,133,2,41.935
T0759,D2,62,133,3,41.935
T0759,D2,62,133,4,41.935
T0759,D2,62,133,5,41.935
T0759,D2,62,145,1,41.532
T0759,D2,62,156,1,29.839
T0759,D2,62,156,2,24.597
T0759,D2,62,156,3,27.419
T0759,D2,62,156,4,36.29
T0759,D2,62,156,5,37.5
T0759,D2,62,160,1,39.516
T0759,D2,62,171,1,37.097
T0759,D2,62,171,2,36.29
T0759,D2,62,171,3,38.306
T0759,D2,62,171,4,39.113
T0759,D2,62,171,5,36.694
T0759,D2,62,184,1,37.903
T0759,D2,62,184,2,41.129
T0759,D2,62,184,3,38.71
T0759,D2,62,184,4,41.129
T0759,D2,62,184,5,35.484
T0759,D2,62,193,1,36.29
T0759,D2,62,193,2,39.113
T0759,D2,62,206,1,22.581
T0759,D2,62,210,1,40.323
T0759,D2,62,212,1,38.306
T0759,D2,62,216,1,41.129
T0759,D2,62,216,2,39.113
T0759,D2,62,216,3,38.71
T0759,D2,62,216,4,43.548
T0759,D2,62,216,5,41.935
T0759,D2,62,228,1,33.468
T0759,D2,62,228,2,43.548
T0759,D2,62,228,3,34.274
T0759,D2,62,228,4,33.871
T0759,D2,62,228,5,42.742
T0759,D2,62,237,1,38.306
T0759,D2,62,237,2,38.71
T0759,D2,62,237,3,40.323
T0759,D2,62,237,4,37.097
T0759,D2,62,237,5,37.903
T0759,D2,62,251,1,46.371
T0759,D2,62,251,2,45.968
T0759,D2,62,251,3,46.774
T0759,D2,62,251,4,44.355
T0759,D2,62,251,5,43.548
T0759,D2,62,263,1,44.355
T0759,D2,62,263,2,42.742
T0759,D2,62,263,3,37.903
T0759,D2,62,263,4,37.097
T0759,D2,62,263,5,46.774
T0759,D2,62,268,1,38.306
T0759,D2,62,268,2,39.113
T0759,D2,62,268,3,37.5
T0759,D2,62,268,4,37.903
T0759,D2,62,268,5,38.71
T0759,D2,62,277,1,43.145
T0759,D2,62,277,2,40.726
T0759,D2,62,277,3,40.726
T0759,D2,62,277,4,45.968
T0759,D2,62,277,5,41.129
T0759,D2,62,279,1,38.71
T0759,D2,62,300,1,39.113
T0759,D2,62,300,2,39.919
T0759,D2,62,300,3,41.129
T0759,D2,62,300,4,38.306
T0759,D2,62,300,5,41.532
T0759,D2,62,335,1,37.097
T0759,D2,62,335,2,37.903
T0759,D2,62,335,3,37.903
T0759,D2,62,335,4,37.097
T0759,D2,62,335,5,37.903
T0759,D2,62,345,1,30.645
T0759,D2,62,345,2,32.661
T0759,D2,62,345,3,32.661
T0759,D2,62,345,4,33.871
T0759,D2,62,345,5,36.694
T0759,D2,62,346,1,38.306
T0759,D2,62,349,1,40.726
T0759,D2,62,349,2,38.306
T0759,D2,62,349,3,38.71
T0759,D2,62,349,4,40.726
T0759,D2,62,349,5,45.565
T0759,D2,62,381,1,38.71
T0759,D2,62,381,2,37.903
T0759,D2,62,381,3,37.903
T0759,D2,62,381,4,37.097
T0759,D2,62,381,5,37.5
T0759,D2,62,410,1,38.306
T0759,D2,62,410,2,38.71
T0759,D2,62,410,3,39.516
T0759,D2,62,410,4,38.71
T0759,D2,62,410,5,38.306
T0759,D2,62,414,1,38.306
T0759,D2,62,414,2,37.097
T0759,D2,62,414,3,36.29
T0759,D2,62,414,4,38.306
T0759,D2,62,414,5,37.5
T0759,D2,62,420,1,38.71
T0759,D2,62,420,2,38.306
T0759,D2,62,420,3,38.306
T0759,D2,62,420,4,38.306
T0759,D2,62,420,5,38.306
T0759,D2,62,436,1,40.323
T0759,D2,62,436,2,38.71
T0759,D2,62,436,3,40.726
T0759,D2,62,436,4,41.532
T0759,D2,62,436,5,41.532
T0759,D2,62,448,1,43.145
T0759,D2,62,448,2,39.113
T0759,D2,62,448,3,42.339
T0759,D2,62,448,4,43.145
T0759,D2,62,448,5,39.113
T0759,D2,62,452,1,37.097
T0759,D2,62,452,2,37.097
T0759,D2,62,452,3,37.097
T0759,D2,62,452,4,38.71
T0759,D2,62,452,5,37.5
T0759,D2,62,454,1,39.113
T0759,D2,62,454,2,38.71
T0759,D2,62,454,3,40.323
T0759,D2,62,454,4,38.71
T0759,D2,62,454,5,35.887
T0759,D2,62,479,1,41.532
T0759,D2,62,479,2,39.919
T0759,D2,62,479,3,41.532
T0759,D2,62,479,4,40.726
T0759,D2,62,479,5,40.323
T0759,D2,62,492,1,37.5
T0759,D2,62,492,2,36.29
T0759,D2,62,492,3,36.29
T0759,D2,62,492,4,53.226
T0759,D2,62,492,5,47.177
T0759,D2,62,499,1,42.742
T0759,D2,62,499,2,42.339
T0759,D2,62,499,3,41.935
T0759,D2,62,499,4,45.565
T0759,D2,62,499,5,40.323
T0759,D12,96,8,1,39.323
T0759,D12,96,8,2,39.323
T0759,D12,96,8,3,38.021
T0759,D12,96,8,4,39.583
T0759,D12,96,8,5,39.583
T0759,D12,96,11,1,40.365
T0759,D12,96,11,2,40.625
T0759,D12,96,11,3,40.625
T0759,D12,96,11,4,37.76
T0759,D12,96,11,5,37.76
T0759,D12,96,22,1,35.938
T0759,D12,96,22,2,35.417
T0759,D12,96,22,3,36.458
T0759,D12,96,22,4,39.844
T0759,D12,96,22,5,35.156
T0759,D12,96,38,1,38.802
T0759,D12,96,38,2,40.625
T0759,D12,96,38,3,36.719
T0759,D12,96,38,4,41.927
T0759,D12,96,38,5,35.677
T0759,D12,96,41,1,38.281
T0759,D12,96,41,2,36.979
T0759,D12,96,41,3,37.24
T0759,D12,96,41,4,37.76
T0759,D12,96,41,5,38.021
T0759,D12,96,50,1,35.417
T0759,D12,96,73,1,38.021
T0759,D12,96,73,2,38.281
T0759,D12,96,73,3,29.688
T0759,D12,96,73,4,33.594
T0759,D12,96,110,1,39.062
T0759,D12,96,110,2,37.76
T0759,D12,96,110,3,37.76
T0759,D12,96,110,4,36.458
T0759,D12,96,110,5,36.458
T0759,D12,96,117,1,34.115
T0759,D12,96,117,2,22.396
T0759,D12,96,117,3,35.938
T0759,D12,96,117,4,33.854
T0759,D12,96,117,5,18.75
T0759,D12,96,133,1,38.542
T0759,D12,96,133,2,38.281
T0759,D12,96,133,3,38.281
T0759,D12,96,133,4,38.281
T0759,D12,96,133,5,38.281
T0759,D12,96,145,1,39.844
T0759,D12,96,156,1,19.271
T0759,D12,96,156,2,32.031
T0759,D12,96,156,3,19.01
T0759,D12,96,156,4,37.24
T0759,D12,96,156,5,39.583
T0759,D12,96,160,1,38.542
T0759,D12,96,171,1,36.198
T0759,D12,96,171,2,35.938
T0759,D12,96,171,3,36.719
T0759,D12,96,171,4,37.76
T0759,D12,96,171,5,36.198
T0759,D12,96,184,1,32.812
T0759,D12,96,184,2,35.677
T0759,D12,96,184,3,36.198
T0759,D12,96,184,4,32.812
T0759,D12,96,184,5,34.115
T0759,D12,96,193,1,36.198
T0759,D12,96,193,2,36.979
T0759,D12,96,206,1,14.323
T0759,D12,96,210,1,36.979
T0759,D12,96,212,1,38.802
T0759,D12,96,216,1,36.719
T0759,D12,96,216,2,36.198
T0759,D12,96,216,3,36.719
T0759,D12,96,216,4,29.167
T0759,D12,96,216,5,27.604
T0759,D12,96,228,1,21.615
T0759,D12,96,228,2,28.125
T0759,D12,96,228,3,21.875
T0759,D12,96,228,4,22.135
T0759,D12,96,228,5,27.604
T0759,D12,96,237,1,37.24
T0759,D12,96,237,2,39.583
T0759,D12,96,237,3,38.281
T0759,D12,96,237,4,34.896
T0759,D12,96,237,5,35.417
T0759,D12,96,251,1,38.802
T0759,D12,96,251,2,38.021
T0759,D12,96,251,3,38.021
T0759,D12,96,251,4,39.062
T0759,D12,96,251,5,35.938
T0759,D12,96,263,1,38.281
T0759,D12,96,263,2,34.375
T0759,D12,96,263,3,36.198
T0759,D12,96,263,4,34.896
T0759,D12,96,263,5,38.281
T0759,D12,96,268,1,38.281
T0759,D12,96,268,2,38.802
T0759,D12,96,268,3,38.802
T0759,D12,96,268,4,38.281
T0759,D12,96,268,5,38.021
T0759,D12,96,277,1,40.365
T0759,D12,96,277,2,40.625
T0759,D12,96,277,3,37.24
T0759,D12,96,277,4,36.198
T0759,D12,96,277,5,40.365
T0759,D12,96,279,1,39.323
T0759,D12,96,300,1,38.281
T0759,D12,96,300,2,37.24
T0759,D12,96,300,3,37.76
T0759,D12,96,300,4,36.719
T0759,D12,96,300,5,35.938
T0759,D12,96,335,1,37.5
T0759,D12,96,335,2,38.021
T0759,D12,96,335,3,37.5
T0759,D12,96,335,4,38.281
T0759,D12,96,335,5,37.24
T0759,D12,96,345,1,27.604
T0759,D12,96,345,2,22.656
T0759,D12,96,345,3,21.354
T0759,D12,96,345,4,22.396
T0759,D12,96,345,5,23.958
T0759,D12,96,346,1,35.417
T0759,D12,96,349,1,40.625
T0759,D12,96,349,2,39.844
T0759,D12,96,349,3,40.365
T0759,D12,96,349,4,40.625
T0759,D12,96,349,5,40.885
T0759,D12,96,381,1,38.281
T0759,D12,96,381,2,37.24
T0759,D12,96,381,3,36.979
T0759,D12,96,381,4,39.062
T0759,D12,96,381,5,38.021
T0759,D12,96,410,1,40.365
T0759,D12,96,410,2,40.104
T0759,D12,96,410,3,39.323
T0759,D12,96,410,4,39.323
T0759,D12,96,410,5,40.365
T0759,D12,96,414,1,38.281
T0759,D12,96,414,2,38.802
T0759,D12,96,414,3,37.5
T0759,D12,96,414,4,37.5
T0759,D12,96,414,5,36.719
T0759,D12,96,420,1,39.583
T0759,D12,96,420,2,37.5
T0759,D12,96,420,3,37.5
T0759,D12,96,420,4,39.583
T0759,D12,96,420,5,37.5
T0759,D12,96,436,1,36.979
T0759,D12,96,436,2,37.76
T0759,D12,96,436,3,37.24
T0759,D12,96,436,4,33.073
T0759,D12,96,436,5,30.99
T0759,D12,96,448,1,36.719
T0759,D12,96,448,2,36.979
T0759,D12,96,448,3,37.24
T0759,D12,96,448,4,38.021
T0759,D12,96,448,5,37.76
T0759,D12,96,452,1,37.24
T0759,D12,96,452,2,38.542
T0759,D12,96,452,3,36.198
T0759,D12,96,452,4,38.281
T0759,D12,96,452,5,38.281
T0759,D12,96,454,1,25.781
T0759,D12,96,454,2,26.823
T0759,D12,96,454,3,27.865
T0759,D12,96,454,4,31.25
T0759,D12,96,454,5,30.469
T0759,D12,96,479,1,36.979
T0759,D12,96,479,2,37.24
T0759,D12,96,479,3,36.198
T0759,D12,96,479,4,37.5
T0759,D12,96,479,5,36.719
T0759,D12,96,492,1,28.906
T0759,D12,96,492,2,28.646
T0759,D12,96,492,3,28.385
T0759,D12,96,492,4,34.896
T0759,D12,96,492,5,32.031
T0759,D12,96,499,1,39.323
T0759,D12,96,499,2,40.625
T0759,D12,96,499,3,40.625
T0759,D12,96,499,4,35.938
T0759,D12,96,499,5,36.979
